Ref,Val,Package,PosX,PosY,Rot,Side
"D3","LED","LED_0603_1608Metric",43.832000,-98.887000,270.000000,bottom
"D4","LED_BL","LED_0805_2012Metric",152.700000,-88.500000,90.000000,bottom
"D5","LED_BL","LED_0805_2012Metric",190.200000,-88.500000,270.000000,bottom
"D6","LED_BL","LED_0805_2012Metric",190.100000,-101.700000,270.000000,bottom
"D7","LED_BL","LED_0805_2012Metric",152.700000,-101.700000,90.000000,bottom
"J1","USB_B_Micro","USB_Micro-B_Molex-105017-0001",122.460000,-76.840000,0.000000,bottom
